star_id,Name,Constellation,Bayern Designation,Designation,Approval Date,Years after approval,galaxy_id
1,Acamar,Eridanus,θ1 Eridani A,HR 897,2016-07-20,6,-1
2,Achernar,Eridanus,α Eridani A,HR 472,2016-06-30,6,-1
3,Achird,Cassiopeia,η Cassiopeiae A,HR 219,2017-09-05,5,50
4,Acrab,Scorpius,β1 Scorpii Aa,HR 5984,2016-08-21,6,-1
5,Acrux,Crux,α Crucis Aa,HR 4730,2016-07-20,6,-1
6,Acubens,Cancer,α Cancri Aa,HR 3572,2016-07-20,6,-1
7,Adhafera,Leo,ζ Leonis Aa,HR 4031,2016-07-20,6,22
8,Adhara,Canis Major,ε Canis Majoris A,HR 2618,2016-08-21,6,-1
9,Adhil,Andromeda,ξ Andromedae,HR 390,2016-08-21,6,56
10,Ain,Taurus,ε Tauri Aa1,HR 1409,2015-12-15,7,-1
11,Ainalrami,Sagittarius,ν1 Sagittarii A,HR 7116,2017-09-05,5,5
12,Aladfar,Lyra,η Lyrae Aa,HR 7298,2017-09-05,5,-1
13,Albaldah,Sagittarius,π Sagittarii A,HR 7264,2017-09-05,5,5
14,Albali,Aquarius,ε Aquarii,HR 7950,2016-09-12,6,2
15,Albireo,Cygnus,β1 Cygni Aa,HR 7417,2016-07-20,6,24
16,Alchiba,Corvus,α Corvi,HR 4623,2016-09-12,6,1
17,Alcor,Ursa Major,80 Ursae Majoris Ca,HR 5062,2016-06-30,6,8
18,Alcyone,Taurus,η Tauri A,HR 1165,2016-06-30,6,-1
19,Aldebaran,Taurus,α Tauri,HR 1457,2016-06-30,6,-1
20,Alderamin,Cepheus,α Cephei,HR 8162,2016-07-20,6,-1
21,Aldhanab,Grus,γ Gruis,HR 8353,2017-09-05,5,33
22,Aldhibah,Draco,ζ Draconis A,HR 6396,2017-09-05,5,25
23,Aldulfin,Delphinus,ε Delphini,HR 7852,2017-09-05,5,-1
24,Alfirk,Cepheus,β Cephei Aa,HR 8238,2016-08-21,6,-1
25,Algedi,Capricornus,α2 Capricorni,HR 7754,2016-08-21,6,-1
26,Algenib,Pegasus,γ Pegasi,HR 39,2016-06-30,6,49
27,Algieba,Leo,γ1 Leonis,HR 4057,2016-07-20,6,22
28,Algol,Perseus,β Persei Aa1,HR 936,2016-06-30,6,62
29,Algorab,Corvus,δ Corvi A,HR 4757,2016-07-20,6,1
30,Alhena,Gemini,γ Geminorum Aa,HR 2421,2016-07-20,6,-1
31,Alioth,Ursa Major,ε Ursae Majoris A,HR 4905,2016-06-30,6,8
32,Aljanah,Cygnus,ε Cygni Aa,HR 7949,2017-06-30,5,24
33,Alkaid,Ursa Major,η Ursae Majoris,HR 5191,2016-06-30,6,8
34,Alkalurops,Bootes,μ1 Boötis Aa,HR 5733,2016-08-21,6,-1
35,Alkaphrah,Ursa Major,κ Ursae Majoris A,HR 3594,2017-09-05,5,8
36,Alkarab,Pegasus,υ Pegasi,HR 8905,2017-09-05,5,49
37,Alkes,Crater,α Crateris,HR 4287,2016-09-12,6,-1
38,Almaaz,Auriga,ε Aurigae,HR 1605,2017-02-01,5,-1
39,Almach,Andromeda,γ Andromedae A,HR 603,2016-07-20,6,56
40,Alnair,Grus,α Gruis,HR 8425,2016-07-20,6,33
41,Alnasl,Sagittarius,γ2 Sagittarii,HR 6746,2016-08-21,6,5
42,Alnilam,Orion,ε Orionis,HR 1903,2016-07-20,6,-1
43,Alnitak,Orion,ζ Orionis Aa,HR 1948,2016-07-20,6,-1
44,Alniyat,Scorpius,σ Scorpii Aa1,HR 6084,2017-02-01,5,-1
45,Alphard,Hydra,α Hydrae,HR 3748,2016-07-20,6,39
46,Alphecca,Corona Borealis,α Coronae Borealis,HR 5793,2016-07-20,6,-1
47,Alpheratz,Andromeda,α Andromedae Aa,HR 15,2016-06-30,6,56
48,Alpherg,Pisces,η Piscium A,HR 437,2018-06-01,4,65
49,Alrakis,Draco,μ Draconis A,HR 6370,2017-02-01,5,25
50,Alrescha,Pisces,α Piscium A,HR 596,2016-08-21,6,65
51,Alruba,Draco,HD 161693,HR 6618,2018-06-01,4,25
52,Alsafi,Draco,σ Draconis,HR 7462,2017-06-30,5,25
53,Alsciaukat,Lynx,31 Lyncis,HR 3275,2017-06-30,5,6
54,Alsephina,Vela,δ Velorum Aa,HR 3485,2017-09-05,5,-1
55,Alshain,Aquila,β Aquilae A,HR 7602,2016-08-21,6,-1
56,Alshat,Capricornus,ν Capricorni A,HR 7773,2017-06-30,5,-1
57,Altair,Aquila,α Aquilae,HR 7557,2016-06-30,6,-1
58,Altais,Draco,δ Draconis,HR 7310,2016-08-21,6,25
59,Alterf,Leo,λ Leonis,HR 3773,2017-02-01,5,22
60,Aludra,Canis Major,η Canis Majoris,HR 2827,2016-07-20,6,-1
61,Alula Australis,Ursa Major,ξ Ursae Majoris Aa,HR 4375,2016-07-20,6,8
62,Alula Borealis,Ursa Major,ν Ursae Majoris,HR 4377,2016-07-20,6,8
63,Alya,Serpens,θ1 Serpentis A,HR 7141,2016-08-21,6,37
64,Alzirr,Gemini,ξ Geminorum,HR 2484,2017-06-30,5,-1
65,Ancha,Aquarius,θ Aquarii,HR 8499,2016-09-12,6,2
66,Angetenar,Eridanus,τ2 Eridani,HR 850,2017-06-30,5,-1
67,Ankaa,Phoenix,α Phoenicis,HR 99,2016-07-20,6,63
68,Anser,Vulpecula,α Vulpeculae,HR 7405,2017-06-30,5,-1
69,Antares,Scorpius,α Scorpii A,HR 6134,2016-06-30,6,-1
70,Arcturus,Bootes,α Boötis,HR 5340,2016-06-30,6,-1
71,Arkab Posterior,Sagittarius,β2 Sagittarii,HR 7343,2016-10-05,6,5
72,Arkab Prior,Sagittarius,β1 Sagittarii,HR 7337,2016-10-05,6,5
73,Arneb,Lepus,α Leporis A,HR 1865,2016-07-20,6,-1
74,Ascella,Sagittarius,ζ Sagittarii A,HR 7194,2016-09-12,6,5
75,Asellus Australis,Cancer,δ Cancri Aa,HR 3461,2016-11-06,6,-1
76,Asellus Borealis,Cancer,γ Cancri Aa,HR 3449,2016-11-06,6,-1
77,Ashlesha,Hydra,ε Hydrae A,HR 3482,2018-06-01,4,39
78,Aspidiske,Carina,ι Carinae,HR 3699,2016-07-20,6,12
79,Asterope,,,HR 1151,2016-08-21,6,-1
80,Athebyne,Draco,η Draconis A,HR 6132,2017-09-05,5,25
81,Atik,Perseus,ο Persei A,HR 1131,2016-09-12,6,62
82,Atlas,Taurus,27 Tauri Aa1,HR 1178,2016-08-21,6,-1
83,Atria,Triangulum Australe,α Trianguli Australis,HR 6217,2016-07-20,6,-1
84,Avior,Carina,ε Carinae A,HR 3307,2016-07-20,6,12
85,Azelfafage,Cygnus,π1 Cygni,HR 8301,2016-09-12,6,24
86,Azha,Eridanus,η Eridani,HR 874,2016-09-12,6,-1
87,Azmidi,Puppis,ξ Puppis,HR 3045,2018-06-01,4,-1
88,Barnard’s Star,Ophiuchus,V2500 Ophiuchi,GJ 699,2017-02-01,5,-1
89,Baten Kaitos,Cetus,ζ Ceti Aa,HR 539,2016-09-12,6,15
90,Beemim,Eridanus,υ3 Eridani,HR 1393,2017-06-30,5,-1
91,Beid,Eridanus,ο1 Eridani,HR 1298,2016-09-12,6,-1
92,Bellatrix,Orion,γ Orionis,HR 1790,2016-06-30,6,-1
93,Betelgeuse,Orion,α Orionis Aa,HR 2061,2016-06-30,6,-1
94,Bharani,Aries,41 Arietis Aa,HR 838,2017-06-30,5,-1
95,Biham,Pegasus,θ Pegasi,HR 8450,2016-08-21,6,49
96,Botein,Aries,δ Arietis,HR 951,2016-09-12,6,-1
97,Brachium,Libra,σ Librae A,HR 5603,2017-09-05,5,28
98,Bunda,Aquarius,ξ Aquarii A,HR 8264,2018-06-01,4,2
99,Canopus,Carina,α Carinae A,HR 2326,2016-06-30,6,12
100,Capella,Auriga,α Aurigae Aa,HR 1708,2016-06-30,6,-1
101,Caph,Cassiopeia,β Cassiopeiae A,HR 21,2016-06-30,6,50
102,Castor,Gemini,α Geminorum Aa,HR 2891,2016-06-30,6,-1
103,Castula,Cassiopeia,υ2 Cassiopeiae,HR 265,2017-09-05,5,50
104,Cebalrai,Ophiuchus,β Ophiuchi,HR 6603,2016-08-21,6,-1
105,Celaeno,Taurus,16 Tauri,HR 1140,2016-08-21,6,-1
106,Cervantes,Ara,μ Arae,HR 6585,2015-12-15,7,-1
107,Chalawan,Ursa Major,47 Ursae Majoris,HR 4277,2015-12-15,7,8
108,Chamukuy,Taurus,θ2 Tauri Aa,HR 1412,2017-09-05,5,-1
109,Chara,Canes Venatici,β Canum Venaticorum Aa,HR 4785,2016-07-20,6,26
110,Chertan,Leo,θ Leonis,HR 4359,2016-07-20,6,22
111,Copernicus,Cancer,55 Cancri A,HR 3522,2015-12-15,7,-1
112,Cor Caroli,Canes Venatici,α2 Canum Venaticorum Aa,HR 4915,2016-07-20,6,26
113,Cujam,Hercules,ω Herculis A,HR 6117,2017-02-01,5,36
114,Cursa,Eridanus,β Eridani,HR 1666,2016-07-20,6,-1
115,Dabih,Capricornus,β1 Capricorni Aa,HR 7776,2016-08-21,6,-1
116,Dalim,Fornax,α Fornacis A,HR 963,2017-09-05,5,30
117,Deneb,Cygnus,α Cygni,HR 7924,2016-06-30,6,24
118,Deneb Algedi,Capricornus,δ Capricorni Aa,HR 8322,2017-02-01,5,-1
119,Denebola,Leo,β Leonis,HR 4534,2016-06-30,6,22
120,Diadem,Coma Berenices,α Comae Berenices A,HR 4968,2017-02-01,5,7
121,Diphda,Cetus,β Ceti,HR 188,2016-08-21,6,15
122,Dschubba,Scorpius,δ Scorpii A,HR 5953,2016-08-21,6,-1
123,Dubhe,Ursa Major,α Ursae Majoris A,HR 4301,2016-06-30,6,8
124,Dziban,Draco,ψ1 Draconis A,HR 6636,2017-09-05,5,25
125,Edasich,Draco,ι Draconis,HR 5744,2015-12-15,7,25
126,Electra,Taurus,17 Tauri,HR 1142,2016-08-21,6,-1
127,Elgafar,Virgo,φ Virginis A,HR 5409,2018-06-01,4,10
128,Elkurud,Columba,θ Columbae,HR 2177,2018-06-01,4,-1
129,Elnath,Taurus,β Tauri Aa,HR 1791,2016-07-20,6,-1
130,Eltanin,Draco,γ Draconis,HR 6705,2016-08-21,6,25
131,Enif,Pegasus,ε Pegasi,HR 8308,2016-07-20,6,49
132,Errai,Cepheus,γ Cephei Aa,HR 8974,2015-12-15,7,-1
133,Fafnir,Draco,42 Draconis A,HR 6945,2015-12-15,7,25
134,Fang,Scorpius,π Scorpii Aa,HR 5944,2017-06-30,5,-1
135,Fawaris,Cygnus,δ Cygni A,HR 7528,2018-06-01,4,24
136,Felis,Hydra,HD 85951,HR 3923,2018-06-01,4,39
137,Fomalhaut,Piscis Austrinus,α Piscis Austrini A,HR 8728,2015-12-15,7,-1
138,Fulu,Cassiopeia,ζ Cassiopeiae,HR 153,2017-06-30,5,50
139,Fumalsamakah,Pisces,β Piscium,HR 8773,2018-06-01,4,65
140,Furud,Canis Major,ζ Canis Majoris Aa,HR 2282,2016-07-20,6,-1
141,Fuyue,Scorpius,G Scorpii,HR 6630,2017-06-30,5,-1
142,Gacrux,Crux,γ Crucis,HR 4763,2016-07-20,6,-1
143,Giausar,Draco,λ Draconis,HR 4434,2017-02-01,5,25
144,Gienah,Corvus,γ Corvi A,HR 4662,2016-11-06,6,1
145,Ginan,Crux,ε Crucis,HR 4700,2017-11-19,5,-1
146,Gomeisa,Canis Minor,β Canis Minoris A,HR 2845,2016-07-20,6,-1
147,Grumium,Draco,ξ Draconis A,HR 6688,2016-09-12,6,25
148,Gudja,Serpens,κ Serpentis,HR 5879,2018-08-10,4,37
149,Guniibuu,Ophiuchus,36 Ophiuchi A,HR 6402,2018-08-10,4,-1
150,Hadar,Centaurus,β Centauri Aa,HR 5267,2016-08-21,6,4
151,Haedus,Auriga,η Aurigae,HR 1641,2017-06-30,5,-1
152,Hamal,Aries,α Arietis,HR 617,2016-07-20,6,-1
153,Hassaleh,Auriga,ι Aurigae,HR 1577,2017-06-30,5,-1
154,Hatysa,Orion,ι Orionis Aa,HR 1899,2017-09-05,5,-1
155,Helvetios,Pegasus,51 Pegasi,HR 8729,2015-12-15,7,49
156,Heze,Virgo,ζ Virginis A,HR 5107,2018-06-01,4,10
157,Homam,Pegasus,ζ Pegasi A,HR 8634,2016-08-21,6,49
158,Iklil,Scorpius,ρ Scorpii Aa,HR 5928,2017-09-05,5,-1
159,Imai,Crux,δ Crucis,HR 4656,2018-08-10,4,-1
160,Intercrus,Ursa Major,41 Lyncis,HR 3743,2015-12-15,7,8
161,Izar,Bootes,ε Boötis A,HR 5506,2016-08-21,6,-1
162,Jabbah,Scorpius,ν Scorpii Aa,HR 6027,2017-06-30,5,-1
163,Jishui,Gemini,ο Geminorum,HR 2930,2017-06-30,5,-1
164,Kaffaljidhma,Cetus,γ Ceti A,HR 804,2017-02-01,5,15
165,Kang,Virgo,κ Virginis,HR 5315,2017-06-30,5,10
166,Kaus Australis,Sagittarius,ε Sagittarii A,HR 6879,2016-07-20,6,5
167,Kaus Borealis,Sagittarius,λ Sagittarii,HR 6913,2016-07-20,6,5
168,Kaus Media,Sagittarius,δ Sagittarii,HR 6859,2016-07-20,6,5
169,Keid,Eridanus,ο2 Eridani A,HR 1325,2016-09-12,6,-1
170,Khambalia,Virgo,λ Virginis A,HR 5359,2017-09-05,5,10
171,Kitalpha,Equuleus,α Equulei A,HR 8131,2016-08-21,6,-1
172,Kochab,Ursa Minor,β Ursae Minoris,HR 5563,2016-07-20,6,87
173,Kornephoros,Hercules,β Herculis Aa,HR 6148,2016-08-21,6,36
174,Kraz,Corvus,β Corvi,HR 4786,2018-06-01,4,1
175,Kurhah,Cepheus,ξ Cephei Aa,HR 8417,2016-09-12,6,-1
176,La Superba,Canes Venatici,Y Canum Venaticorum,HR 4846,2018-08-10,4,26
177,Larawag,Scorpius,ε Scorpii,HR 6241,2017-11-19,5,-1
178,Lesath,Scorpius,υ Scorpii,HR 6508,2016-08-21,6,-1
179,Libertas,Aquila,ξ Aquilae A,HR 7595,2015-12-15,7,-1
180,Lich,Virgo,PSR B1257+12,PSR B1257+12,2015-12-15,7,10
181,Lilii Borea,Aries,39 Arietis,HR 824,2017-09-05,5,-1
182,Maasym,Hercules,λ Herculis,HR 6526,2016-09-12,6,36
183,Mahasim,Auriga,θ Aurigae A,HR 2095,2017-06-30,5,-1
184,Maia,Taurus,20 Tauri,HR 1149,2016-07-20,6,-1
185,Marfik,Ophiuchus,λ Ophiuchi A,HR 6149,2016-09-12,6,-1
186,Markab,Pegasus,α Pegasi,HR 8781,2016-06-30,6,49
187,Markeb,Vela,κ Velorum,HR 3734,2017-09-05,5,-1
188,Marsic,Hercules,κ Herculis A,HR 6008,2017-02-01,5,36
189,Matar,Pegasus,η Pegasi Aa,HR 8650,2016-08-21,6,49
190,Mebsuta,Gemini,ε Geminorum,HR 2473,2016-07-20,6,-1
191,Megrez,Ursa Major,δ Ursae Majoris,HR 4660,2016-06-30,6,8
192,Meissa,Orion,λ Orionis A,HR 1879,2016-07-20,6,-1
193,Mekbuda,Gemini,ζ Geminorum Aa,HR 2650,2016-09-12,6,-1
194,Meleph,Cancer,ε Cancri Aa,HR 3429,2017-09-05,5,-1
195,Menkalinan,Auriga,β Aurigae Aa,HR 2088,2016-07-20,6,-1
196,Menkar,Cetus,α Ceti,HR 911,2016-06-30,6,15
197,Menkent,Centaurus,θ Centauri,HR 5288,2016-08-21,6,4
198,Menkib,Perseus,ξ Persei,HR 1228,2016-09-12,6,62
199,Merak,Ursa Major,β Ursae Majoris,HR 4295,2016-06-30,6,8
200,Merga,Bootes,38 Boötis,HR 5533,2016-09-12,6,-1
201,Meridiana,Corona Australis,α Coronae Australis,HR 7254,2017-09-05,5,-1
202,Merope,Taurus,23 Tauri Aa,HR 1156,2016-07-20,6,-1
203,Mesarthim,Aries,γ1 Arietis A,HR 546,2016-08-21,6,-1
204,Miaplacidus,Carina,β Carinae,HR 3685,2016-07-20,6,12
205,Mimosa,Crux,β Crucis,HR 4853,2016-07-20,6,-1
206,Minchir,Hydra,σ Hydrae,HR 3418,2017-09-05,5,39
207,Minelauva,Virgo,δ Virginis,HR 4910,2017-06-30,5,10
208,Mintaka,Orion,δ Orionis Aa,HR 1852,2016-07-20,6,-1
209,Mira,Cetus,ο Ceti Aa,HR 681,2016-06-30,6,15
210,Mirach,Andromeda,β Andromedae,HR 337,2016-06-30,6,56
211,Miram,Perseus,η Persei A,HR 834,2017-09-05,5,62
212,Mirfak,Perseus,α Persei,HR 1017,2016-07-20,6,62
213,Mirzam,Canis Major,β Canis Majoris,HR 2294,2016-07-20,6,-1
214,Misam,Perseus,κ Persei Aa,HR 941,2017-09-05,5,62
215,Mizar,Ursa Major,ζ Ursae Majoris Aa,HR 5054,2016-06-30,6,8
216,Mothallah,Triangulum,α Trianguli,HR 544,2016-08-21,6,86
217,Muliphein,Canis Major,γ Canis Majoris,HR 2657,2016-08-21,6,-1
218,Muphrid,Bootes,η Boötis Aa,HR 5235,2016-09-12,6,-1
219,Muscida,Ursa Major,ο Ursae Majoris A,HR 3323,2016-07-20,6,8
220,Musica,Delphinus,18 Delphini,HR 8030,2015-12-15,7,-1
221,Nahn,Cancer,ξ Cancri A,HR 3627,2018-06-01,4,-1
222,Naos,Puppis,ζ Puppis,HR 3165,2016-08-21,6,-1
223,Nashira,Capricornus,γ Capricorni A,HR 8278,2016-08-21,6,-1
224,Nekkar,Bootes,β Boötis,HR 5602,2016-08-21,6,-1
225,Nembus,Andromeda,51 Andromedae,HR 464,2017-09-05,5,56
226,Nihal,Lepus,β Leporis A,HR 1829,2016-07-20,6,-1
227,Nunki,Sagittarius,σ Sagittarii Aa,HR 7121,2016-08-21,6,5
228,Nusakan,Corona Borealis,β Coronae Borealis A,HR 5747,2016-09-12,6,-1
229,Ogma,Hercules,HD 149026,HD 149026,2015-12-15,7,36
230,Okab,Aquila,ζ Aquilae A,HR 7235,2018-06-01,4,-1
231,Paikauhale,Scorpius,τ Scorpii A,HR 6165,2018-08-10,4,-1
232,Peacock,Pavo,α Pavonis Aa,HR 7790,2016-07-20,6,-1
233,Phact,Columba,α Columbae,HR 1956,2016-07-20,6,-1
234,Phecda,Ursa Major,γ Ursae Majoris Aa,HR 4554,2016-07-20,6,8
235,Pherkad,Ursa Minor,γ Ursae Minoris,HR 5735,2016-08-21,6,87
236,Piautos,Cancer,λ Cancri,HR 3268,2018-06-01,4,-1
237,Pipirima,Scorpius,μ2 Scorpii A,HR 6252,2017-09-05,5,-1
238,Pleione,Taurus,28 Tauri Aa,HR 1180,2016-06-30,6,-1
239,Polaris,Ursa Minor,α Ursae Minoris,HR 424,2016-06-30,6,87
240,Polaris Australis,Octans,σ Octantis,HR 7228,2017-09-05,5,-1
241,Polis,Sagittarius,μ Sagittarii Aa,HR 6812,2017-09-05,5,5
242,Pollux,Gemini,β Geminorum,HR 2990,2015-12-15,7,-1
243,Porrima,Virgo,γ Virginis A,HR 4825,2016-07-20,6,10
244,Praecipua,Leo Minor,46 Leonis Minoris,HR 4247,2017-06-30,5,-1
245,Prima Hyadum,Taurus,γ Tauri A,HR 1346,2017-09-05,5,-1
246,Procyon,Canis Minor,α Canis Minoris A,HR 2943,2016-06-30,6,-1
247,Propus,Gemini,η Geminorum A,HR 2216,2016-07-20,6,-1
248,Proxima Centauri,Centaurus,α Centauri C,GJ 551,2016-08-21,6,4
249,Ran,Eridanus,ε Eridani,HR 1084,2015-12-15,7,-1
250,Rasalas,Leo,μ Leonis,HR 3905,2016-09-12,6,22
251,Rasalgethi,Hercules,α1 Herculis Aa,HR 6406,2016-06-30,6,36
252,Rasalhague,Ophiuchus,α Ophiuchi A,HR 6556,2016-07-20,6,-1
253,Rastaban,Draco,β Draconis A,HR 6536,2016-08-21,6,25
254,Regulus,Leo,α Leonis A,HR 3982,2016-06-30,6,22
255,Revati,Pisces,ζ Piscium A,HR 361,2017-06-30,5,65
256,Rigel,Orion,β Orionis A,HR 1713,2016-06-30,6,-1
257,Rigil Kentaurus,Centaurus,α Centauri A,HR 5459,2016-11-06,6,4
258,Rotanev,Delphinus,β Delphini A,HR 7882,2016-09-12,6,-1
259,Ruchbah,Cassiopeia,δ Cassiopeiae Aa,HR 403,2016-08-21,6,50
260,Rukbat,Sagittarius,α Sagittarii,HR 7348,2016-07-20,6,5
261,Sabik,Ophiuchus,η Ophiuchi A,HR 6378,2016-08-21,6,-1
262,Saclateni,Auriga,ζ Aurigae A,HR 1612,2017-06-30,5,-1
263,Sadachbia,Aquarius,γ Aquarii Aa,HR 8518,2016-08-21,6,2
264,Sadalbari,Pegasus,μ Pegasi,HR 8684,2016-08-21,6,49
265,Sadalmelik,Aquarius,α Aquarii A,HR 8414,2016-08-21,6,2
266,Sadalsuud,Aquarius,β Aquarii A,HR 8232,2016-08-21,6,2
267,Sadr,Cygnus,γ Cygni A,HR 7796,2016-08-21,6,24
268,Saiph,Orion,κ Orionis,HR 2004,2016-07-20,6,-1
269,Salm,Pegasus,τ Pegasi,HR 8880,2017-09-05,5,49
270,Sargas,Scorpius,θ Scorpii A,HR 6553,2016-08-21,6,-1
271,Sarin,Hercules,δ Herculis Aa,HR 6410,2016-09-12,6,36
272,Sceptrum,Eridanus,53 Eridani A,HR 1481,2017-06-30,5,-1
273,Scheat,Pegasus,β Pegasi,HR 8775,2016-06-30,6,49
274,Schedar,Cassiopeia,α Cassiopeiae,HR 168,2016-08-21,6,50
275,Secunda Hyadum,Taurus,δ Tauri Aa,HR 1373,2017-09-05,5,-1
276,Segin,Cassiopeia,ε Cassiopeiae,HR 0542,2017-09-05,5,50
277,Seginus,Bootes,γ Boötis Aa,HR 5435,2016-08-21,6,-1
278,Sham,Sagitta,α Sagittae,HR 7479,2016-09-12,6,-1
279,Shaula,Scorpius,λ Scorpii Aa,HR 6527,2016-07-20,6,-1
280,Sheliak,Lyra,β Lyrae Aa1,HR 7106,2016-08-21,6,-1
281,Sheratan,Aries,β Arietis A,HR 553,2016-07-20,6,-1
282,Sirius,Canis Major,α Canis Majoris A,HR 2491,2016-06-30,6,-1
283,Situla,Aquarius,κ Aquarii A,HR 8610,2016-09-12,6,2
284,Skat,Aquarius,δ Aquarii A,HR 8709,2016-08-21,6,2
285,Spica,Virgo,α Virginis Aa,HR 5056,2016-06-30,6,10
286,Sualocin,Delphinus,α Delphini Aa,HR 7906,2016-09-12,6,-1
287,Subra,Leo,ο Leonis Aa,HR 3852,2016-09-12,6,22
288,Suhail,Vela,λ Velorum,HR 3634,2016-08-21,6,-1
289,Sulafat,Lyra,γ Lyrae,HR 7178,2016-08-21,6,-1
290,Syrma,Virgo,ι Virginis,HR 5338,2016-09-12,6,10
291,Tabit,Orion,π3 Orionis,HR 1543,2017-09-05,5,-1
292,Taiyangshou,Ursa Major,χ Ursae Majoris,HR 4518,2017-06-30,5,8
293,Taiyi,Draco,8 Draconis,HR 4916,2017-06-30,5,25
294,Talitha,Ursa Major,ι Ursae Majoris Aa,HR 3569,2016-07-20,6,8
295,Tania Australis,Ursa Major,μ Ursae Majoris A,HR 4069,2016-07-20,6,8
296,Tania Borealis,Ursa Major,λ Ursae Majoris A,HR 4033,2016-07-20,6,8
297,Tarazed,Aquila,γ Aquilae,HR 7525,2016-08-21,6,-1
298,Tarf,Cancer,β Cancri A,HR 3249,2018-06-01,4,-1
299,Taygeta,Taurus,19 Tauri Aa,HR 1145,2016-08-21,6,-1
300,Tegmine,Cancer,ζ1 Cancri A,HR 3208,2016-09-12,6,-1
301,Tejat,Gemini,μ Geminorum Aa,HR 2286,2017-02-01,5,-1
302,Terebellum,Sagittarius,ω Sagittarii A,HR 7597,2017-09-05,5,5
303,Theemin,Eridanus,υ2 Eridani,HR 1464,2017-02-01,5,-1
304,Thuban,Draco,α Draconis A,HR 5291,2016-06-30,6,25
305,Tiaki,Grus,β Gruis,HR 8636,2017-09-05,5,33
306,Tianguan,Taurus,ζ Tauri A,HR 1910,2017-06-30,5,-1
307,Tianyi,Draco,7 Draconis,HR 4863,2017-06-30,5,25
308,Titawin,Andromeda,υ Andromedae A,HR 458,2015-12-15,7,56
309,Toliman,Centaurus,α Centauri B,HR 5460,2018-08-10,4,4
310,Tonatiuh,Camelopardalis,HD 104985,HR 4609,2015-12-15,7,40
311,Torcular,Pisces,ο Piscium A,HR 510,2017-09-05,5,65
312,Tureis,Puppis,ρ Puppis A,HR 3185,2016-09-12,6,-1
313,Ukdah,Hydra,ι Hydrae,HR 3845,2018-06-01,4,39
314,Unukalhai,Serpens,α Serpentis,HR 5854,2016-08-21,6,37
315,Unurgunite,Canis Major,σ Canis Majoris,HR 2646,2017-09-05,5,-1
316,Vega,Lyra,α Lyrae,HR 7001,2016-06-30,6,-1
317,Veritate,Andromeda,14 Andromedae A,HR 8930,2015-12-15,7,56
318,Vindemiatrix,Virgo,ε Virginis,HR 4932,2016-07-20,6,10
319,Wasat,Gemini,δ Geminorum Aa,HR 2777,2016-08-21,6,-1
320,Wazn,Columba,β Columbae,HR 2040,2016-07-20,6,-1
321,Wezen,Canis Major,δ Canis Majoris Aa,HR 2693,2016-07-20,6,-1
322,Wurren,Phoenix,ζ Phoenicis Aa,HR 338,2017-11-19,5,63
323,Xamidimura,Scorpius,μ1 Scorpii Aa,HR 6247,2017-09-05,5,-1
324,Xuange,Bootes,λ Boötis,HR 5351,2017-06-30,5,-1
325,Yed Posterior,Ophiuchus,ε Ophiuchi,HR 6075,2016-10-05,6,-1
326,Yed Prior,Ophiuchus,δ Ophiuchi,HR 6056,2016-10-05,6,-1
327,Yildun,Ursa Minor,δ Ursae Minoris,HR 6789,2016-08-21,6,87
328,Zaniah,Virgo,η Virginis Aa,HR 4689,2016-09-12,6,10
329,Zaurak,Eridanus,γ Eridani,HR 1231,2016-07-20,6,-1
330,Zavijava,Virgo,β Virginis,HR 4540,2016-08-21,6,10
331,Zhang,Hydra,υ1 Hydrae A,HR 3903,2017-06-30,5,39
332,Zibal,Eridanus,ζ Eridani Aa,HR 984,2016-09-12,6,-1
333,Zosma,Leo,δ Leonis,HR 4357,2016-07-20,6,22
334,Zubenelgenubi,Libra,α2 Librae Aa,HR 5531,2016-08-21,6,28
335,Zubenelhakrabi,Libra,γ Librae A,HR 5787,2017-09-05,5,28
336,Zubeneschamali,Libra,β Librae,HR 5685,2016-08-21,6,28
